Rank,Country,Name,Ticker,Stock_Exchange_Link,Bitcoin,In_USD_M,Market_Cap_M,Enterprise_Value_M,BTC_Share,Cost_Basis_M,NgU,mNav,M_Cap_Ratio,Percentage_21M
117,ðŸ‡ºðŸ‡¸,Strategy,MSTR,https://finance.yahoo.com/quote/MSTR,628791,70960,106639,120418,0.00221754,46076,1.54,1.503,66.5,2.994
125,ðŸ‡ºðŸ‡¸,"MARA Holdings, Inc.",MARA,https://finance.yahoo.com/quote/MARA,50000,5643,5748,8483,0.00014207,0,0,1.019,98.2,0.238
141,ðŸ‡ºðŸ‡¸,XXI,CEP,https://finance.yahoo.com/quote/CEP,43514,4911,285,367,0.00421651,0,0,0.058,1722.3,0.207
142,ðŸ‡ºðŸ‡¸,Bitcoin Standard Treasury Company,BSTR,https://finance.yahoo.com/quote/BSTR,30021,3388,0,0,0,0,0,0,0,0.143
108,ðŸ‡ºðŸ‡¸,"Riot Platforms, Inc.",RIOT,https://finance.yahoo.com/quote/RIOT,19239,2171,4062,4773,0.00005205,1,1662.5,1.871,53.4,0.092
102,ðŸ‡ºðŸ‡¸,Trump Media & Technology Group Corp.,DJT,https://finance.yahoo.com/quote/DJT,18430,2080,4562,3542,0.00006651,2000,1.04,2.193,45.6,0.088
103,ðŸ‡¯ðŸ‡µ,Metaplanet Inc.,MTPLF,https://finance.yahoo.com/quote/MTPLF,17595,1986,4226,4875,0.00002576,1774,1.12,2.128,47,0.084
76,ðŸ‡ºðŸ‡¸,Galaxy Digital Holdings Ltd,GLXY,https://finance.yahoo.com/quote/GLXY,17102,1930,10260,3696,0.0000444,1804,1.07,5.316,18.8,0.081
104,ðŸ‡ºðŸ‡¸,"CleanSpark, Inc.",CLSK,https://finance.yahoo.com/quote/CLSK,12703,1434,2981,3530,0.00004522,9,161.77,2.079,48.1,0.06
31,ðŸ‡ºðŸ‡¸,"Coinbase Global, Inc.",COIN,https://finance.yahoo.com/quote/COIN,11776,1329,77823,78907,0.00004583,0,0,58.56,1.7,0.056
7,ðŸ‡ºðŸ‡¸,"Tesla, Inc.",TSLA,https://finance.yahoo.com/quote/TSLA,11509,1299,990487,974612,0.00000357,386,3.36,762.609,0.1,0.055
107,ðŸ‡¨ðŸ‡¦,Hut 8 Mining Corp,HUT,https://finance.yahoo.com/quote/HUT,10273,1159,2323,2483,0.00009793,0,0,2.004,49.9,0.049
34,ðŸ‡ºðŸ‡¸,"Block, Inc.",SQ,https://finance.yahoo.com/quote/SQ,8584,969,45997,45310,0.00001396,261,3.71,47.482,2.1,0.041
118,ðŸ‡¨ðŸ‡³,Next Technology Holding Inc.,NXTT,https://finance.yahoo.com/quote/NXTT,5833,658,840,834,0.00001337,183,3.6,1.275,78.4,0.028
129,ðŸ‡ºðŸ‡¸,Semler Scientific,SMLR,https://finance.yahoo.com/quote/SMLR,5021,567,493,567,0.00035515,451,1.26,0.87,115,0.024
132,ðŸ‡ºðŸ‡¸,ProCap BTC,CCCM,https://finance.yahoo.com/quote/CCCM,4932,557,352,0,0.0001449,0,5335.27,0.632,158.1,0.023
51,ðŸ‡ºðŸ‡¸,GameStop Corp.,GME,https://finance.yahoo.com/quote/GME,4710,532,10231,5499,0.00001053,0,0,19.247,5.2,0.022
126,ðŸ‡¨ðŸ‡³,Cango Inc,CANG,https://finance.yahoo.com/quote/CANG,4240,478,478,-712,0.00004085,0,0,0.999,100.1,0.02
121,ðŸ‡ºðŸ‡¸,"Empery Digital (Volcon, Inc.)",VLCN,https://finance.yahoo.com/quote/VLCN,3913,442,501,-11,0.00008704,470,0.94,1.134,88.2,0.019
133,ðŸ‡©ðŸ‡ª,Bitcoin Group SE,ADE.DE,https://finance.yahoo.com/quote/ADE.DE,3605,407,235,227,0.00070034,0,0,0.578,173,0.017
112,ðŸ‡­ðŸ‡°,Boyaa Interactive International Limited,0434.HK,https://finance.yahoo.com/quote/0434.HK,3350,378,669,631,0.00000499,196,1.92,1.769,56.5,0.016
136,ðŸ‡«ðŸ‡·,Sequans Communications S.A.,SQNS,https://finance.yahoo.com/quote/SQNS,3157,356,180,321,0.00012435,369,0.97,0.505,198.1,0.015
137,ðŸ‡°ðŸ‡¾,Microcloud Hologram,HOLO,https://finance.yahoo.com/quote/HOLO,2353,266,66,-1549,0.00016153,198,1.34,0.247,404.2,0.011
109,ðŸ‡¨ðŸ‡¦,HIVE Digital Technologies,HIVE,https://finance.yahoo.com/quote/HIVE,2201,248,452,424,0.0000094,0,0,1.821,54.9,0.01
88,ðŸ‡ºðŸ‡¸,"Exodus Movement, Inc",EXOD,https://finance.yahoo.com/quote/EXOD,2087,236,842,785,0.00007238,59,4,3.575,28,0.01
100,ðŸ‡«ðŸ‡·,The Blockchain Group,ALTBG.PA,https://finance.yahoo.com/quote/ALTBG.PA,2075,234,522,308,0.00001243,221,1.06,2.228,44.9,0.01
143,ðŸ‡¬ðŸ‡§,The Smarter Web Company PLC,SWC.AQ,https://finance.yahoo.com/quote/SWC.AQ,2050,231,0,19,0,226,1.03,0,0,0.01
20,ðŸ‡¯ðŸ‡µ,"NEXON Co., Ltd.",3659.T,https://finance.yahoo.com/quote/3659.T,1717,194,15638,11819,0.00000206,100,1.94,80.707,1.2,0.008
93,ðŸ‡¸ðŸ‡¬,BITFUFU,FUFU,https://finance.yahoo.com/quote/FUFU,1709,193,574,689,0.00001042,0,0,2.976,33.6,0.008
59,ðŸ‡¸ðŸ‡¬,Bitdeer Technologies Group,BTDR,https://finance.yahoo.com/quote/BTDR,1601,181,2486,2550,0.00000814,0,0,13.755,7.3,0.008
120,ðŸ‡ºðŸ‡¸,Fold Holdings Inc.,FLD,https://finance.yahoo.com/quote/FLD,1488,168,192,250,0.00003185,0,0,1.141,87.6,0.007
113,ðŸ‡ºðŸ‡¸,Canaan Inc.,CAN,https://finance.yahoo.com/quote/CAN,1484,167,296,4460,0.00000405,0,0,1.767,56.6,0.007
92,ðŸ‡¯ðŸ‡µ,Remixpoint,3825.T,https://finance.yahoo.com/quote/3825.T,1168,132,411,344,0.00000859,0,0,3.119,32.1,0.006
78,ðŸ‡¨ðŸ‡¦,Bitfarms Ltd.,BITF,https://finance.yahoo.com/quote/BITF,1166,132,666,654,0.00000209,0,0,5.063,19.7,0.006
56,ðŸ‡ºðŸ‡¸,Cipher Mining,CIFR,https://finance.yahoo.com/quote/CIFR,1063,120,1862,1962,0.00000286,0,0,15.519,6.4,0.005
115,ðŸ‡ºðŸ‡¸,KULR Technology Group,KULR,https://finance.yahoo.com/quote/KULR,1021,115,201,175,0.00002673,0,0,1.741,57.5,0.005
128,ðŸ‡¨ðŸ‡³,Nano Labs,NA,https://finance.yahoo.com/quote/NA,1000,113,104,239,0.00004242,0,0,0.921,108.6,0.005
37,ðŸ‡ºðŸ‡¸,Core Scientific,CORZ,https://finance.yahoo.com/quote/CORZ,977,110,4173,4561,0.00000322,0,0,37.846,2.6,0.005
138,ðŸ‡­ðŸ‡°,Ming Shing Group,MSW,https://finance.yahoo.com/quote/MSW,833,94,18,23,0.0000642,74,1.26,0.193,517.5,0.004
110,ðŸ‡¯ðŸ‡µ,Anap Holdings Inc.,3189.T,https://finance.yahoo.com/quote/3189.T,831,94,171,125,0.00002025,79,1.19,1.82,54.9,0.004
139,ðŸ‡¨ðŸ‡³,SOS Limited,SOS,https://finance.yahoo.com/quote/SOS,803,91,17,999,0.00026818,0,0,0.188,531.2,0.004
131,ðŸ‡¨ðŸ‡¦,Bitcoin Treasury Corp,BTCT.V,https://finance.yahoo.com/quote/BTCT.V,771,87,61,0,0,83,1.05,0.701,142.6,0.004
30,ðŸ‡³ðŸ‡´,Aker ASA,AKER.OL,https://finance.yahoo.com/quote/AKER.OL,754,85,5014,8463,0.00000989,41,2.09,58.928,1.7,0.004
144,ðŸ‡¸ðŸ‡ª,H100 Group,H100,https://finance.yahoo.com/quote/H100,703,79,0,0,0,40,1.98,0,0,0.003
116,ðŸ‡§ðŸ‡·,MÃ©liuz,CASH3.SA,https://finance.yahoo.com/quote/CASH3.SA,596,67,110,47,0.00000528,61,1.1,1.636,61.1,0.003
5,ðŸ‡¦ðŸ‡·,"MercadoLibre, Inc.",MELI,https://finance.yahoo.com/quote/MELI,570,64,123013,121150,0.00001125,22,2.93,1911.014,0.1,0.003
89,ðŸ‡²ðŸ‡¹,Samara Asset Group,SRAG.DU,https://finance.yahoo.com/quote/SRAG.DU,525,59,208,0,0.00000566,0,0,3.514,28.5,0.003
145,ðŸ‡¦ðŸ‡ª,Phoenix Group PLC,PHX.AD,https://finance.yahoo.com/quote/PHX.AD,514,58,0,0,0,0,0,0,0,0.002
29,ðŸ‡ºðŸ‡¸,"Alliance Resource Partners, L.P.",ARLP,https://finance.yahoo.com/quote/ARLP,511,58,3423,3872,0.00000398,17,3.47,59.364,1.7,0.002
70,ðŸ‡¹ðŸ‡­,Jasmine International PCL,JAS.BK,https://finance.yahoo.com/quote/JAS.BK,506,57,429,459,0.00000006,38,1.51,7.501,13.3,0.002
105,ðŸ‡°ðŸ‡·,bitmax,377030.KQ,https://finance.yahoo.com/quote/377030.KQ,500,56,115,110,0.00001327,0,0,2.043,48.9,0.002
119,ðŸ‡¦ðŸ‡º,DigitalX,DCC.AX,https://finance.yahoo.com/quote/DCC.AX,499,56,70,54,0.0000003,0,0,1.237,80.8,0.002
49,ðŸ‡ºðŸ‡¸,"Bit Digital, Inc.",BTBT,https://finance.yahoo.com/quote/BTBT,418,47,987,613,0.00000131,0,0,20.945,4.8,0.002
15,ðŸ‡ºðŸ‡¸,"Virtu Financial, Inc.",VIRT,https://finance.yahoo.com/quote/VIRT,410,46,9129,-4123,0.00000268,38,1.21,197.311,0.5,0.002
96,ðŸ‡¨ðŸ‡¦,Neptune Digital Assets,NDA.V,https://finance.yahoo.com/quote/NDA.V,404,46,113,107,0.00000318,0,0,2.488,40.2,0.002
99,ðŸ‡ºðŸ‡¸,DDC Enterprise Limited,DDC,https://finance.yahoo.com/quote/DDC,368,42,94,82,0.0000443,33,1.24,2.257,44.3,0.002
58,ðŸ‡¹ðŸ‡·,Net Holding A.S.,NTHOL.IS,https://finance.yahoo.com/quote/NTHOL.IS,352,40,579,844,0.00000075,0,0,14.579,6.9,0.002
123,ðŸ‡¨ðŸ‡¦,DMG Blockchain Solutions Inc.,DMGI.V,https://finance.yahoo.com/quote/DMGI.V,341,38,41,56,0.00000159,0,0,1.054,94.9,0.002
86,ðŸ‡¨ðŸ‡³,The9 Limited,NCTY,https://finance.yahoo.com/quote/NCTY,285,32,123,37658,0.00005081,0,0,3.824,26.2,0.001
122,ðŸ‡¬ðŸ‡§,Phoenix Digital Assets,PNIX.AQ,https://finance.yahoo.com/quote/PNIX.AQ,247,28,31,28,0,0,0,1.1,90.9,0.001
140,ðŸ‡©ðŸ‡ª,Advanced Bitcoin Technologies AG,ABT.DU,https://finance.yahoo.com/quote/ABT.DU,242,27,3,4,0.00001179,2,12.75,0.115,870.1,0.001
106,ðŸ‡¨ðŸ‡¦,LQWD Technologies Corp.,LQWD.V,https://finance.yahoo.com/quote/LQWD.V,239,27,55,45,0.00000712,18,1.5,2.028,49.3,0.001
43,ðŸ‡¯ðŸ‡ª,Coinshares International Limited,CS.ST,https://finance.yahoo.com/quote/CS.ST,236,27,717,705,0.00000356,0,0,26.922,3.7,0.001
42,ðŸ‡°ðŸ‡·,WEMADE,112040.KQ,https://finance.yahoo.com/quote/112040.KQ,223,25,760,0,0,21,1.2,30.216,3.3,0.001
18,ðŸ‡¨ðŸ‡¦,Rumble Inc.,RUM,https://finance.yahoo.com/quote/RUM,211,24,2831,2538,0.00000062,0,0,118.991,0.8,0.001
38,ðŸ‡¨ðŸ‡¦,DeFi Technologies,DEFI.NE,https://finance.yahoo.com/quote/DEFI.NE,204,23,864,865,0.0000006,0,0,37.472,2.7,0.001
90,ðŸ‡¸ðŸ‡¬,Genius Group,GNS,https://finance.yahoo.com/quote/GNS,200,23,74,72,0.000002,2,10.57,3.295,30.3,0.001
81,ðŸ‡°ðŸ‡¾,Prenetics,PRE,https://finance.yahoo.com/quote/PRE,187,21,103,42,0.00001438,20,1.06,4.856,20.6,0.001
127,ðŸ‡¬ðŸ‡®,Coinsilium,COIN.AQ,https://finance.yahoo.com/quote/COIN.AQ,182,21,20,21,0.00000086,19,1.07,0.978,102.3,0.001
146,ðŸ‡¸ðŸ‡ª,Bitcoin Treasury Capital,BTCB.SE,https://finance.yahoo.com/quote/BTCB.SE,166,19,0,0,0,18,1.05,0,0,0.001
135,ðŸ‡ºðŸ‡¸,LM Funding America,LMFA,https://finance.yahoo.com/quote/LMFA,155,17,10,15,0.00003019,0,0,0.566,176.6,0.001
14,ðŸ‡ºðŸ‡¸,BitMine,BMNR,https://finance.yahoo.com/quote/BMNR,154,17,3646,134,0.00000137,16,1.06,209.574,0.5,0.001
124,ðŸ‡¨ðŸ‡¦,Sixty-Six Capital Inc,SIX.CN,https://finance.yahoo.com/quote/SIX.CN,145,16,17,13,0.000001,0,0,1.033,96.8,0.001
94,ðŸ‡¨ðŸ‡¦,Banxa Holdings Inc.,BNXAF,https://finance.yahoo.com/quote/BNXAF,136,15,42,54,0.00000298,0,0,2.766,36.2,0.001
33,ðŸ‡ºðŸ‡¸,Horizon Kinetics Holding Corp,HKHC,https://finance.yahoo.com/quote/HKHC,131,15,736,2246,0.00000703,2,8.69,49.791,2,0.001
82,ðŸ‡³ðŸ‡´,K33 AB,K33.ST,https://finance.yahoo.com/quote/K33.ST,126,14,68,70,0.00000001,15,0.97,4.796,20.9,0.001
68,ðŸ‡°ðŸ‡·,Neowiz holdings,042420.KQ,https://finance.yahoo.com/quote/042420.KQ,123,14,108,121,0.00001922,7,1.96,7.816,12.8,0.001
67,ðŸ‡¹ðŸ‡­,The Brooker Group,BTC.BK,https://finance.yahoo.com/quote/BTC.BK,122,14,117,106,0.00000001,0,0,8.479,11.8,0.001
63,ðŸ‡ºðŸ‡¸,Bitcoin Depot,BTM,https://finance.yahoo.com/quote/BTM,100,11,115,156,0.00000433,0,0,10.202,9.8,0
95,ðŸ‡¨ðŸ‡¦,BIGG Digital Assets Inc.,BIGG.V,https://finance.yahoo.com/quote/BIGG.V,100,11,31,24,0.00000028,0,0,2.745,36.4,0
45,ðŸ‡ºðŸ‡¸,K Wave Media,KWM,https://finance.yahoo.com/quote/KWM,88,10,243,-3,0.00000139,0,0,24.455,4.1,0
97,ðŸ‡¬ðŸ‡§,Vinanz,BTC.L,https://finance.yahoo.com/quote/BTC.L,86,10,23,22,0.00000029,9,1.09,2.382,42,0
147,ðŸ‡ªðŸ‡¸,"Vanadi Coffee, SA",VANA.MC,https://finance.yahoo.com/quote/VANA.MC,85,10,0,0,0,0,0,0,0,0
98,ðŸ‡¨ðŸ‡¦,Belgravia Hartford Capital Inc.,BLGV.CN,https://finance.yahoo.com/quote/BLGV.CN,83,9,22,18,0.00000066,9,1.08,2.299,43.5,0
35,ðŸ‡¯ðŸ‡µ,Convano Inc,6574.T,https://finance.yahoo.com/quote/6574.T,80,9,401,447,0.00000184,7,1.32,44.487,2.2,0
85,ðŸ‡­ðŸ‡°,YUXING,8005.HK,https://finance.yahoo.com/quote/8005.HK,78,9,35,32,0.00000003,6,1.39,3.95,25.3,0
79,ðŸ‡¨ðŸ‡¦,Matador Technologies Inc,MATA.V,https://finance.yahoo.com/quote/MATA.V,77,9,44,43,0.00000073,0,0,5.043,19.8,0
148,ðŸ‡¬ðŸ‡§,Vaultz Capital,V3TC.AQ,https://finance.yahoo.com/quote/V3TC.AQ,70,8,0,4,0,2,3.31,0,0,0
27,ðŸ‡¯ðŸ‡µ,SBC Medical Group Holdings Inc,SBC,https://finance.yahoo.com/quote/SBC,66,7,455,330,0.00000062,0,0,61.087,1.6,0
32,ðŸ‡ºðŸ‡¸,FRMO Corp.,FRMO,https://finance.yahoo.com/quote/FRMO,63,7,374,192,0.00000143,0,0,52.766,1.9,0
16,ðŸ‡©ðŸ‡ª,ATAI Life Sciences N.V.,ATAI,https://finance.yahoo.com/quote/ATAI,58,7,875,784,0.00000027,5,1.31,133.696,0.7,0
111,ðŸ‡¨ðŸ‡¦,Cathedra Bitcoin Inc.,CBIT.V,https://finance.yahoo.com/quote/CBIT.V,53,6,11,41,0.00000021,0,0,1.803,55.4,0
53,ðŸ‡¨ðŸ‡³,MicroAlgo Inc,MLGO,https://finance.yahoo.com/quote/MLGO,50,6,100,-995,0.00000457,0,56.43,17.806,5.6,0
66,ðŸ‡¹ðŸ‡­,RSXYZ PCL,XYZ.BK,https://finance.yahoo.com/quote/XYZ.BK,50,6,48,55,0.00000003,0,50.02,8.505,11.8,0
72,ðŸ‡¨ðŸ‡¦,Mogo Inc.,MOGO,https://finance.yahoo.com/quote/MOGO,50,6,38,112,0.00000206,0,0,6.799,14.7,0
75,ðŸ‡¨ðŸ‡³,"Linekong Interactive Group Co., Ltd",8267.HK,https://finance.yahoo.com/quote/8267.HK,44,5,27,14,0.00000012,0,177.8,5.357,18.7,0
39,ðŸ‡¨ðŸ‡¦,WonderFi,WNDR.TO,https://finance.yahoo.com/quote/WNDR.TO,40,4,166,147,0.00000006,0,0,37.002,2.7,0
114,ðŸ‡¨ðŸ‡¦,SATO Technologies Corp,SATO.V,https://finance.yahoo.com/quote/SATO.V,36,4,7,12,0.00000049,0,0,1.767,56.6,0
71,ðŸ‡¯ðŸ‡µ,"Value Creation Co., Ltd.",9238.T,https://finance.yahoo.com/quote/9238.T,30,3,25,24,0.00001315,0,0,7.152,14,0
23,ðŸ‡­ðŸ‡°,HK Asia Holdings,1723.HK,https://finance.yahoo.com/quote/1723.HK,29,3,221,178,0.00000006,3,1.29,67.952,1.5,0
61,ðŸ‡¬ðŸ‡§,Satsuma Technology,SATS.L,https://finance.yahoo.com/quote/SATS.L,29,3,41,27,0.00000005,3,0.96,12.592,7.9,0
77,ðŸ‡¨ðŸ‡¦,Planet Ventures Inc.,PXI.CN,https://finance.yahoo.com/quote/PXI.CN,29,3,17,10,0.00000014,0,8.85,5.292,18.9,0
44,ðŸ‡¯ðŸ‡µ,AI Fusion Capital Group Corp.,254A.T,https://finance.yahoo.com/quote/254A.T,25,3,74,51,0.0000028,0,0,26.779,3.7,0
73,ðŸ‡«ðŸ‡·,BD Multimedia,ALBDM.PA,https://finance.yahoo.com/quote/ALBDM.PA,25,3,17,16,0.00000929,1,1.91,5.925,16.9,0
84,ðŸ‡¨ðŸ‡¦,Goodfood Market Corp,FOOD.TO,https://finance.yahoo.com/quote/FOOD.TO,25,3,12,38,0.00000025,0,0,4.301,23.3,0
101,ðŸ‡¨ðŸ‡¦,Kontrol Technologies,KNR.NE,https://finance.yahoo.com/quote/KNR.NE,24,3,6,0,0.00000044,2,1.24,2.217,45.1,0
8,ðŸ‡¨ðŸ‡¦,Cypherpunk Holdings Inc.,HODL.CN,https://finance.yahoo.com/quote/HODL.CN,23,3,1269,39,0.00000013,1,4.03,485.437,0.2,0
74,ðŸ‡ºðŸ‡¸,Sphere 3D,ANY,https://finance.yahoo.com/quote/ANY,23,3,14,7,0.00000086,0,0,5.437,18.4,0
11,ðŸ‡²ðŸ‡½,Murano Global Investments Plc,MRNO,https://finance.yahoo.com/quote/MRNO,21,2,550,18403,0.00000026,0,0,232.007,0.4,0
46,ðŸ‡ºðŸ‡¸,"KindlyMD, Inc.",NAKA,https://finance.yahoo.com/quote/NAKA,21,2,56,45,0.00000276,2,1.04,23.735,4.2,0
65,ðŸ‡®ðŸ‡³,Jetking Infotrain Ltd.,JETKINGQ.BO,https://finance.yahoo.com/quote/JETKINGQ.BO,21,2,22,20,0.00000333,2,1.49,9.215,10.9,0
57,ðŸ‡ºðŸ‡¸,"Investview, Inc.",INVU,https://finance.yahoo.com/quote/INVU,20,2,33,16,0.00000001,2,1.21,14.598,6.9,0
60,ðŸ‡¬ðŸ‡§,Hamak Gold,HAMA.L,https://finance.yahoo.com/quote/HAMA.L,20,2,29,6,0.00000004,2,0.96,13.063,7.7,0
28,ðŸ‡ºðŸ‡¸,Thumzup,TZUP,https://finance.yahoo.com/quote/TZUP,19,2,129,117,0.00000183,0,0,59.674,1.7,0
48,ðŸ‡ºðŸ‡¸,BIT Mining Limited,BTCM,https://finance.yahoo.com/quote/BTCM,19,2,47,4254,0.00000125,1,1.46,22.028,4.5,0
36,ðŸ‡ºðŸ‡¸,Athena Bitcoin Global,ABIT,https://finance.yahoo.com/quote/ABIT,17,2,81,102,0,0,0,42.263,2.4,0
149,ðŸ‡¨ðŸ‡¦,Digihost Technology Inc.,DGHI.NE,https://finance.yahoo.com/quote/DGHI.NE,17,2,0,0,0,0,0,0,0,0
4,ðŸ‡ºðŸ‡¸,Globant S.A.,GLOB,https://finance.yahoo.com/quote/GLOB,15,2,3549,3967,0.00000033,1,3.39,2096.531,0,0
6,ðŸ‡ºðŸ‡¸,TeraWulf,WULF,https://finance.yahoo.com/quote/WULF,15,2,1915,2164,0.00000004,0,0,1131.16,0.1,0
19,ðŸ‡¨ðŸ‡³,Intchains Group Limited,ICG,https://finance.yahoo.com/quote/ICG,13,1,167,-210,0.00000021,1,1.51,117.049,0.9,0
64,ðŸ‡¦ðŸ‡º,Locate Technologies,LOC.AX,https://finance.yahoo.com/quote/LOC.AX,12,1,13,12,0.00000005,1,1.06,9.322,10.7,0
3,ðŸ‡®ðŸ‡¹,Intesa Sanpaolo,ISP.MI,https://finance.yahoo.com/quote/ISP.MI,11,1,104367,2420,0,0,0,84074.155,0,0
52,ðŸ‡¨ðŸ‡¦,Bitcoin Well Inc,BTCW.V,https://finance.yahoo.com/quote/BTCW.V,11,1,23,46,0.00000005,1,1.12,18.411,5.4,0
83,ðŸ‡¨ðŸ‡¦,Digital Commodities Capital Corp.,DIGI.CN,https://finance.yahoo.com/quote/DIGI.CN,11,1,5,6,0.00000007,1,0.99,4.476,22.3,0
13,ðŸ‡­ðŸ‡°,Walnut Capital Ltd.,0905.HK,https://finance.yahoo.com/quote/0905.HK,10,1,237,226,0.00000001,0,0,209.892,0.5,0
50,ðŸ‡ºðŸ‡¸,OneMedNet Corp.,ONMD,https://finance.yahoo.com/quote/ONMD,10,1,23,22,0.00000022,1,1.72,20.096,5,0
22,ðŸ‡µðŸ‡¦,Autris,AUTR,https://finance.yahoo.com/quote/AUTR,9,1,75,12,0.00000003,0,0,73.636,1.4,0
21,ðŸ‡ºðŸ‡¸,"Where Food Comes From, INC",WFCF,https://finance.yahoo.com/quote/WFCF,7,1,59,59,0.00000134,0,4.44,74.278,1.3,0
150,ðŸ‡§ðŸ‡­,Al Abraaj Resturant Group,ABRAAJ.BH,https://finance.yahoo.com/quote/ABRAAJ.BH,7,1,0,0,0,1,1.15,0,0,0
2,ðŸ‡ºðŸ‡¸,"BlackRock, Inc.",BLK,https://finance.yahoo.com/quote/BLK,6,1,171641,181285,0.00000004,0,1.93,247306.712,0,0
47,ðŸ‡¸ðŸ‡ª,GreenMerc AB,L5L.F,https://finance.yahoo.com/quote/L5L.F,6,1,16,-2,0.00000032,1,1.05,22.195,4.5,0
55,ðŸ‡³ðŸ‡´,Norwegian Block Exchange,NBX.OL,https://finance.yahoo.com/quote/NBX.OL,6,1,11,8,0.00000003,0,0,15.911,6.3,0
69,ðŸ‡ºðŸ‡¸,Unitronix Corp,UTRX,https://finance.yahoo.com/quote/UTRX,6,1,5,3,0.0000001,1,0.98,7.799,12.8,0
17,ðŸ‡¨ðŸ‡¦,NameSilo Technologies Corp,URL.CN,https://finance.yahoo.com/quote/URL.CN,5,1,77,74,0.00000006,0,0,128.832,0.8,0
87,ðŸ‡¨ðŸ‡¦,Fintech Select Ltd.,FTEC.V,https://finance.yahoo.com/quote/FTEC.V,5,1,2,2,0.00000006,0,0,3.603,27.8,0
134,ðŸ‡¬ðŸ‡§,Tap Global,TAP.AQ,https://finance.yahoo.com/quote/TAP.AQ,5,1,0,22,0,0,0,0.568,176,0
9,ðŸ‡«ðŸ‡·,Crypto Blockchain Industries,ALCBI.PA,https://finance.yahoo.com/quote/ALCBI.PA,4,0,147,119,0.00000001,0,0,367.062,0.3,0
24,ðŸ‡¨ðŸ‡¦,Leef Brands Inc,LEEEF,https://finance.yahoo.com/quote/LEEEF,4,0,30,54,0.00000002,0,0,67.168,1.5,0
41,ðŸ‡¸ðŸ‡ª,Safello Group,SFL.ST,https://finance.yahoo.com/quote/SFL.ST,4,0,14,12,0.00000019,0,0,31.052,3.2,0
62,ðŸ‡³ðŸ‡´,Green Minerals AS,GEM.OL,https://finance.yahoo.com/quote/GEM.OL,4,0,5,3,0.00000019,0,1.07,11.089,9,0
80,ðŸ‡¨ðŸ‡¦,Blockmint Technologies Inc.,BKMT.V,https://finance.yahoo.com/quote/BKMT.V,4,0,2,1,0.00000006,0,7.3,5.041,19.8,0
130,ðŸ‡ºðŸ‡¸,Coin Citadel,CCTL,https://finance.yahoo.com/quote/CCTL,4,0,0,7,0,0,0,0.828,120.8,0
151,ðŸ‡¬ðŸ‡§,Vault Ventures Plc,VULT.AQ,https://finance.yahoo.com/quote/VULT.AQ,4,0,0,1,0,0,0,0,0,0
26,ðŸ‡ºðŸ‡¸,Argo Blockchain PLC,ARBK,https://finance.yahoo.com/quote/ARBK,3,0,21,251,0.00000005,0,0,62.438,1.6,0
54,ðŸ‡¨ðŸ‡¦,CryptoStar Corp.,CSTR.V,https://finance.yahoo.com/quote/CSTR.V,3,0,5,5,0,0,0,16.22,6.2,0
91,ðŸ‡¨ðŸ‡¦,AgriFORCE Growing Systems Ltd.,AGRI,https://finance.yahoo.com/quote/AGRI,3,0,1,5,0.00001036,0,0,3.223,31,0
12,ðŸ‡¬ðŸ‡§,GSTechnologies Ltd,GST.L,https://finance.yahoo.com/quote/GST.L,1,0,24,17,0,0,1.04,212.492,0.5,0
25,ðŸ‡¬ðŸ‡§,Panther Metals PLC,PALM.L,https://finance.yahoo.com/quote/PALM.L,1,0,7,4,0.00000017,0,0,62.525,1.6,0
40,ðŸ‡¿ðŸ‡¦,Altvest Capital,ALV.JO,https://finance.yahoo.com/quote/ALV.JO,1,0,4,10,0.00000003,0,1.15,34.332,2.9,0
1,ðŸ‡ºðŸ‡¸,ABR Wealth Fund,ABR,https://finance.yahoo.com/quote/ABR,0,0,2442,12875,0,0,0.94,1060275.765,0,0
10,ðŸ‡ºðŸ‡¸,ATIF Holdings Ltd,ZBAI,https://finance.yahoo.com/quote/ZBAI,0,0,7,-1,0.00000001,0,0,304.08,0.3,0
152,ðŸ‡¸ðŸ‡¬,Basel Medical Group Ltd.,BMGL,https://finance.yahoo.com/quote/BMGL,0,0,39,28,0,0,0,0,0,0
153,ðŸ‡ºðŸ‡¸,BTCS Inc.,BTCS,https://finance.yahoo.com/quote/BTCS,0,0,191,89,0,0,0,0,0,0
154,ðŸ‡¬ðŸ‡§,R8 Capital Investments PLC,MODE.L,https://finance.yahoo.com/quote/MODE.L,0,0,2,4,0,0,0,0,0,0
155,ðŸ‡ºðŸ‡¸,SharpLink Gaming,SBET,https://finance.yahoo.com/quote/SBET,0,0,1920,11,0,0,0,0,0,0
156,ðŸ‡¨ðŸ‡¦,Torrent Capital Ltd.,TORR.V,https://finance.yahoo.com/quote/TORR.V,0,0,17,3,0,0,0,0,0,0
157,ðŸ‡ºðŸ‡¸,Classover Holdings Inc.,KIDZ,https://finance.yahoo.com/quote/KIDZ,0,0,22,35,0,0,0,0,0,0
158,ðŸ‡©ðŸ‡ª,Nakiki SE,WDL1.F,https://finance.yahoo.com/quote/WDL1.F,0,0,9,2,0,0,0,0,0,0
159,ðŸ‡ºðŸ‡¸,Phunware Inc,PHUN,https://finance.yahoo.com/quote/PHUN,0,0,54,-54,0,0,0,0,0,0
160,ðŸ‡ºðŸ‡¸,Upexi Inc.,UPXI,https://finance.yahoo.com/quote/UPXI,0,0,282,196,0,0,0,0,0,0
161,ðŸ‡ºðŸ‡¸,DeFi Development Corp. (Formerly Janover),DFDV,https://finance.yahoo.com/quote/DFDV,0,0,276,220,0,0,0,0,0,0
162,ðŸ‡­ðŸ‡°,"Meitu, Inc.",1357.HK,https://finance.yahoo.com/quote/1357.HK,0,0,6406,6552,0,0,0,0,0,0
163,ðŸ‡ºðŸ‡¸,Reddit Inc.,RDDT,https://finance.yahoo.com/quote/RDDT,0,0,38036,35726,0,0,0,0,0,0